{"cameraMode":{"drawMode":0,"name":"Shaded","section":"Shading Mode"},"sceneLighting":true,"audioPlay":false,"sceneViewState":{"showFog":true,"showMaterialUpdate":true,"showSkybox":true,"showFlares":true,"showImageEffects":true,"showParticleSystems":true},"in2DMode":false,"pivot":{"x":2.2603602409362795,"y":0.9004614949226379,"z":-0.849218487739563},"rotation":{"x":-0.35869693756103518,"y":-0.003665707539767027,"z":0.0019060808699578047,"w":-0.9336264729499817},"size":0.3013685941696167,"orthographic":false}