{"cameraMode":{"drawMode":0,"name":"Shaded","section":"Shading Mode"},"sceneLighting":true,"audioPlay":false,"sceneViewState":{"showFog":true,"showMaterialUpdate":true,"showSkybox":true,"showFlares":true,"showImageEffects":true,"showParticleSystems":true},"in2DMode":false,"pivot":{"x":2.404351234436035,"y":1.7393252849578858,"z":-2.3317925930023195},"rotation":{"x":-0.12004367262125015,"y":-0.7852330803871155,"z":0.1605479121208191,"w":-0.5860339403152466},"size":1.1758313179016114,"orthographic":false}