{"cameraMode":{"drawMode":0,"name":"Shaded","section":"Shading Mode"},"sceneLighting":true,"audioPlay":false,"sceneViewState":{"showFog":true,"showMaterialUpdate":true,"showSkybox":true,"showFlares":true,"showImageEffects":true,"showParticleSystems":true},"in2DMode":false,"pivot":{"x":-10.53799057006836,"y":1.717904806137085,"z":4.706134796142578},"rotation":{"x":0.014063233509659768,"y":0.41865500807762148,"z":-0.007266762666404247,"w":0.9082170128822327},"size":5.7711992263793949,"orthographic":false}