{"cameraMode":{"drawMode":0,"name":"Shaded","section":"Shading Mode"},"sceneLighting":true,"audioPlay":false,"sceneViewState":{"showFog":true,"showMaterialUpdate":true,"showSkybox":true,"showFlares":true,"showImageEffects":true,"showParticleSystems":true},"in2DMode":false,"pivot":{"x":-1.0914111137390137,"y":0.8239858150482178,"z":-2.016312837600708},"rotation":{"x":-0.08512498438358307,"y":0.7914116382598877,"z":-0.11100488901138306,"w":-0.595419704914093},"size":0.5308362245559692,"orthographic":false}