{"cameraMode":{"drawMode":0,"name":"Shaded","section":"Shading Mode"},"sceneLighting":false,"audioPlay":false,"sceneViewState":{"showFog":true,"showMaterialUpdate":true,"showSkybox":false,"showFlares":true,"showImageEffects":true,"showParticleSystems":true},"in2DMode":false,"pivot":{"x":9.335539817810059,"y":1.4873063564300538,"z":-2.577643871307373},"rotation":{"x":0.0032249479554593565,"y":0.7416237592697144,"z":-0.003568446496501565,"w":0.6708048582077026},"size":4.761170864105225,"orthographic":false}