{"cameraMode":{"drawMode":0,"name":"Shaded","section":"Shading Mode"},"sceneLighting":true,"audioPlay":false,"sceneViewState":{"showFog":true,"showMaterialUpdate":true,"showSkybox":true,"showFlares":true,"showImageEffects":true,"showParticleSystems":true},"in2DMode":false,"pivot":{"x":1.5273690223693848e-7,"y":7.450580596923828e-8,"z":0.0},"rotation":{"x":-0.05749962851405144,"y":0.8237221240997315,"z":-0.08323375880718231,"w":-0.5582679510116577},"size":0.086602583527565,"orthographic":false}