{"cameraMode":{"drawMode":0,"name":"Shaded","section":"Shading Mode"},"sceneLighting":true,"audioPlay":false,"sceneViewState":{"showFog":true,"showMaterialUpdate":true,"showSkybox":true,"showFlares":true,"showImageEffects":true,"showParticleSystems":true},"in2DMode":false,"pivot":{"x":1.5273690223693848e-7,"y":7.450580596923828e-8,"z":0.0},"rotation":{"x":0.04147369787096977,"y":-0.9226734042167664,"z":0.10039661824703217,"w":0.37059110403060915},"size":0.086602583527565,"orthographic":false}