{"cameraMode":{"drawMode":0,"name":"Shaded","section":"Shading Mode"},"sceneLighting":true,"audioPlay":false,"sceneViewState":{"showFog":true,"showMaterialUpdate":true,"showSkybox":true,"showFlares":true,"showImageEffects":true,"showParticleSystems":true},"in2DMode":false,"pivot":{"x":1.5273690223693848e-7,"y":7.450580596923828e-8,"z":0.0},"rotation":{"x":0.008084533736109734,"y":0.9159834980964661,"z":0.021777108311653138,"w":-0.4010743796825409},"size":0.086602583527565,"orthographic":false}