{"cameraMode":{"drawMode":0,"name":"Shaded","section":"Shading Mode"},"sceneLighting":true,"audioPlay":false,"sceneViewState":{"showFog":true,"showMaterialUpdate":true,"showSkybox":true,"showFlares":true,"showImageEffects":true,"showParticleSystems":true},"in2DMode":false,"pivot":{"x":-0.6862989068031311,"y":1.7753269672393799,"z":-0.9332161545753479},"rotation":{"x":0.10032999515533447,"y":-0.6199856996536255,"z":0.07946193218231201,"w":0.7743496298789978},"size":4.051103115081787,"orthographic":false}