{"cameraMode":{"drawMode":0,"name":"Shaded","section":"Shading Mode"},"sceneLighting":false,"audioPlay":false,"sceneViewState":{"showFog":true,"showMaterialUpdate":true,"showSkybox":false,"showFlares":true,"showImageEffects":true,"showParticleSystems":true},"in2DMode":false,"pivot":{"x":3.821953535079956,"y":-2.5106704235076906,"z":-10.544702529907227},"rotation":{"x":-0.030939806252717973,"y":-0.9674774408340454,"z":0.20349109172821046,"w":-0.14710451662540437},"size":4.8562726974487309,"orthographic":false}