{"cameraMode":{"drawMode":0,"name":"Shaded","section":"Shading Mode"},"sceneLighting":false,"audioPlay":false,"sceneViewState":{"showFog":true,"showMaterialUpdate":true,"showSkybox":false,"showFlares":true,"showImageEffects":true,"showParticleSystems":true},"in2DMode":false,"pivot":{"x":-0.5745220184326172,"y":0.8323378562927246,"z":-1.3528730869293213},"rotation":{"x":-0.05480877682566643,"y":0.6307775378227234,"z":-0.04473975673317909,"w":-0.7727342247962952},"size":5.196874141693115,"orthographic":false}