{"cameraMode":{"drawMode":0,"name":"Shaded","section":"Shading Mode"},"sceneLighting":true,"audioPlay":false,"sceneViewState":{"showFog":true,"showMaterialUpdate":true,"showSkybox":true,"showFlares":true,"showImageEffects":true,"showParticleSystems":true},"in2DMode":false,"pivot":{"x":5.786999702453613,"y":1.7445042133331299,"z":-9.76620101928711},"rotation":{"x":-0.008411864750087262,"y":-0.9747008681297302,"z":0.03737010434269905,"w":-0.22070291638374329},"size":3.8527419567108156,"orthographic":false}